Title,URLs,Categories
,http://dan.kiev.ua/blog/2018/11/14/__trashed/,Психология
"10 самых жестоких экспериментов в истории психологии",http://dan.kiev.ua/blog/2010/12/08/10-samyih-zhestokih-eksperimentov-v-istorii-psihologii/,Психология
"10 секретов здоровья (mindmap)",http://dan.kiev.ua/blog/2008/11/18/10-sekretov-zdorovya-mindmap/,Мышление
"30 лет и 3 года лежал на печи Илья Муромец",http://dan.kiev.ua/blog/2008/06/07/30-let-i-3-goda-lezhal-na-pechi-ilya-muromec/,Психология
"36 сюжетов художественных произведений",http://dan.kiev.ua/blog/2007/11/24/36-syuzhetov-xudozhestvennyx-proizvedenij/,Творчество
"5 музык самых",http://dan.kiev.ua/blog/2008/04/24/5-muzyk-samyx/,"Мой дневник"
"66 дней блоггинга",http://dan.kiev.ua/blog/2008/01/23/66-dnej-blogginga/,Сделал
"7 основных идей Адлера",http://dan.kiev.ua/blog/2010/10/01/7-osnovnyih-idey-adlera/,Психология
"7 условий потоковой деятельности",http://dan.kiev.ua/blog/2008/03/17/7-uslovij-potokovoj-deyatelnosti/,Психология
"9 заповедей Брэнсона",http://dan.kiev.ua/blog/2008/02/07/9-zapovedej-brensona/,Мышление
:)))))),http://dan.kiev.ua/blog/2007/11/23/44/,Психология
"Albert Bandura videos",http://dan.kiev.ua/blog/2010/10/18/albert-bandura-videos/,Пси-ТВ
betv,http://dan.kiev.ua/blog/betv/,
"BlogDay 2008",http://dan.kiev.ua/blog/2008/08/31/blogday-2008/,"Мой дневник"
"Contemporary Art",http://dan.kiev.ua/blog/contemporary-art/,
coworking,http://dan.kiev.ua/blog/2008/02/25/coworking/,Компьютерное
"Coworking в ЖЖ",http://dan.kiev.ua/blog/2008/03/29/coworking-v-zhzh/,"Компьютерное, Сделал"
"CoWorking по русский",http://dan.kiev.ua/blog/2008/03/24/coworking-po-russkij/,Компьютерное
"Coworking: в Киеве всё начнется",http://dan.kiev.ua/blog/2008/03/26/v-kiev-vsyo-nachnetsya/,Компьютерное
CV,http://dan.kiev.ua/blog/contacts/,
"Disassociated State Therapies",http://dan.kiev.ua/blog/2009/12/14/disassociated-state-therapies/,Психология
Dramaturgy,http://dan.kiev.ua/blog/dramaturgy/,
"experience mapping / картрирование опыта",http://dan.kiev.ua/blog/2011/07/19/expmapping/,"Мышление, Творчество"
"Go for it",http://dan.kiev.ua/blog/2008/02/07/go-for-it/,Мышление
"Google и мой блог",http://dan.kiev.ua/blog/2008/02/02/google-i-moj-blog/,"Компьютерное, Мой дневник"
"GTD новое",http://dan.kiev.ua/blog/2008/01/26/gtd-novoe/,Психология
"GTD: ЛайфХак естественного планирования",http://dan.kiev.ua/blog/2007/10/07/gtd-lajfxak-estestvennogo-planirovaniya/,Мышление
HALT,http://dan.kiev.ua/blog/2015/05/07/halt/,"Мышление, Психология"
"In my head",http://dan.kiev.ua/blog/2008/04/09/in-my-head/,Мышление
intensedebate.com,http://dan.kiev.ua/blog/2009/11/30/intensedebate-com/,Сделал
"International Workshop “Теlychka – A Place to Care”",http://dan.kiev.ua/blog/2015/06/04/international-workshop-telychka-a-place-to-care/,"Мой дневник, Сделал, Творчество"
IT-дизайнер,http://dan.kiev.ua/blog/it-dizayner/,
"Kyiv MiniCamp August &#8212; Online Video",http://dan.kiev.ua/blog/2008/08/30/kyiv-minicamp-august-online-video/,Компьютерное
"Kyiv MiniCamp March",http://dan.kiev.ua/blog/2008/03/27/kyiv-minicamp-march/,Компьютерное
"Life is",http://dan.kiev.ua/blog/2008/02/03/life-is/,Психология
"Life Management и Осознанность",http://dan.kiev.ua/blog/2009/05/04/life-management-i-osoznannost/,Психология
"Life Management Клуб &#8212; отчет за 6 марта 09",http://dan.kiev.ua/blog/2009/03/12/life-management-klub-otchet-za-6-marta-09/,Сделал
"life management от техник к успеху",http://dan.kiev.ua/blog/2009/11/28/life-management-ot-tehnik-k-uspehu/,Сделал
"LM клуб и Мастер-класс по MindMap",http://dan.kiev.ua/blog/2008/04/10/lm-klub-i-master-klass-po-mindmap/,Сделал
Movies,http://dan.kiev.ua/blog/movies/,
Photos,http://dan.kiev.ua/blog/photos/,
Psychology,http://dan.kiev.ua/blog/?page_id=4962,
"STOP (по Голви)",http://dan.kiev.ua/blog/2011/02/01/stop-po-golvi/,"Мышление, Психология"
StopTODO,http://dan.kiev.ua/blog/2007/11/03/stoptodo/,Мышление
"Tal D. Ben-Shahar &#8212; Positive Psychology",http://dan.kiev.ua/blog/2012/07/26/tal-d-ben-shahar-positive-psychology/,Пси-ТВ
"The Blueprint Decoded как тренинг возвращения к себе",http://dan.kiev.ua/blog/2013/11/06/the-blueprint-decoded-kak-trening-vozvrashheniya-k-sebe/,"Мышление, Психология"
Urbanistics,http://dan.kiev.ua/blog/urbanistics/,
"Videos CV",http://dan.kiev.ua/blog/production/,
"Virgin скоро будет везде",http://dan.kiev.ua/blog/2008/01/29/virgin-skoro-budet-vezde/,"Мой дневник, Мышление"
"Visual system by Blue Man Group",http://dan.kiev.ua/blog/2010/11/19/visual-system-by-blue-man-group/,"Мышление, Пси-ТВ"
"Werner Erhard videos",http://dan.kiev.ua/blog/2010/10/29/werner-erhard-videos/,Пси-ТВ
"What is Positive Psychology?",http://dan.kiev.ua/blog/2013/03/13/what-is-positive-psychology/,Пси-ТВ
"Windows хороший",http://dan.kiev.ua/blog/2007/12/22/windows-xoroshij/,Компьютерное
"WV на ноутбуке",http://dan.kiev.ua/blog/2008/01/08/wv-na-noutbuke/,Компьютерное
"«Life Management Клуб» сайт",http://dan.kiev.ua/blog/2008/04/16/c2-ablife-management-klub-c2-bb-sajt/,Сделал
"«Меня Радует» театральный проект",http://dan.kiev.ua/blog/menya-raduet/,
"А в Африке… (фильм Кровавый алмаз)",http://dan.kiev.ua/blog/2007/09/14/a-v-afrike-krovavyj-almaz-film/,Кино
"А вы иногда врете? (фильм Отступники)",http://dan.kiev.ua/blog/2007/09/03/a-vy-inogda-vrete-otstupniki-film/,Кино
"А вы умеете читать???",http://dan.kiev.ua/blog/2007/11/20/a-vy-umeete-chitat/,Мышление
"А с нашей стороны",http://dan.kiev.ua/blog/2007/11/26/a-s-nashej-storony/,Психология
"А у вас это стоит",http://dan.kiev.ua/blog/2007/12/05/a-u-vas-eto-stoit/,Компьютерное
"А я тебя всё равно найду (фильм Wicker park, Одержимость)",http://dan.kiev.ua/blog/2007/10/24/a-ya-tebya-vsyo-ravno-najdu-film-wicker-park-oderzhimost/,Кино
"Активное мечтание (Новый код НЛП)",http://dan.kiev.ua/blog/2009/04/16/aktivnoe-mechtanie-novyj-kod-nlp/,Пси-ТВ
"Анархия отношений // Relationship Anarchy",http://dan.kiev.ua/blog/2016/05/08/anarhiya-otnoshenij-relationship-anarchy/,"Мышление, Психология"
"Ану скажи",http://dan.kiev.ua/blog/2007/11/30/anu-skazhi/,Компьютерное
"Атлант расправил плечи (о книге)",http://dan.kiev.ua/blog/2012/06/23/atlant-raspravil-plechi-o-knige/,"Мышление, Творчество"
"Аудиоверсия рассказа «То самое»",http://dan.kiev.ua/blog/2008/07/14/audioversiya-rasskaza-to-samoe/,Творчество
"Аутентичность это",http://dan.kiev.ua/blog/2009/02/20/autentichnost-eto/,"Психология, Творчество"
"Аха, WV заработал",http://dan.kiev.ua/blog/2008/01/09/axa-wv-zarabotal/,Компьютерное
Ашибка!,http://dan.kiev.ua/blog/2008/07/10/ashibka/,Психология
"Базовые эмоции &#8212; часть 1",http://dan.kiev.ua/blog/2010/12/03/bazovyie-emotsii-chast-1/,Психология
"Базовые эмоции — часть 2",http://dan.kiev.ua/blog/2010/12/04/bazovyie-emotsii-chast-2/,Психология
"Библиотека 2.0 (концепт стартапа)",http://dan.kiev.ua/blog/2009/01/08/biblioteka-20-koncept-startapa/,Компьютерное
Бизнес,http://dan.kiev.ua/blog/2007/12/09/biznes/,Психология
Биография,http://dan.kiev.ua/blog/bio/,
Блогерское…,http://dan.kiev.ua/blog/2007/12/24/blogerskoe/,"Мой дневник"
"Больше чем бихевиоризм (Доллард и Миллер)",http://dan.kiev.ua/blog/2010/11/05/biheviorizm-dollard-i-miller/,Психология
"Будем продуктивными",http://dan.kiev.ua/blog/2007/12/04/budem-produktivnymi/,Психология
"Будущее психотерапии",http://dan.kiev.ua/blog/2010/11/19/budushhee-psihoterapii/,"Мой дневник, Психология"
Буто,http://dan.kiev.ua/blog/butoh/,
"В одно место",http://dan.kiev.ua/blog/2008/02/24/v-odno-mesto/,Психология
"В очередной раз",http://dan.kiev.ua/blog/2008/02/13/v-ocherednoj-raz/,Компьютерное
"В поисках потока (MindMap)",http://dan.kiev.ua/blog/2008/03/16/v-poiskax-potoka-mindmap/,Психология
"В поисках совета",http://dan.kiev.ua/blog/2007/12/14/v-poiskax-soveta/,"Мой дневник"
"Важность получать похвалу",http://dan.kiev.ua/blog/2011/02/04/vazhnost-poluchat-pohvalu/,Пси-ТВ
"Важные дела-дела",http://dan.kiev.ua/blog/2009/05/20/vazhnye-dela-dela/,Мышление
"Вайвейшн ® (дыхательная техника)",http://dan.kiev.ua/blog/2011/11/07/vayveyshn-dyihatelnaya-tehnika/,Психология
"Вечер соционики",http://dan.kiev.ua/blog/2007/12/10/vecher-socioniki/,Психология
"Видеосъемка   фотоаппаратом",http://dan.kiev.ua/blog/2015/05/30/videosemka-fotoapparatom/,"Сделал, Творчество"
"Виды коучинга",http://dan.kiev.ua/blog/2011/02/28/vidyi-kouchinga/,Мышление
"Визуальное мышление (собираем воедино техники)",http://dan.kiev.ua/blog/2009/12/24/visual-thinking/,Мышление
"Виртуальная и реальная жизнь",http://dan.kiev.ua/blog/2008/04/09/virtualnaya-i-realnaya-zhizn/,Сделал
"Влюбиться в цель!",http://dan.kiev.ua/blog/2008/07/31/vlyubitsya-v-tsel/,Психология
Внимание,http://dan.kiev.ua/blog/2008/02/21/vnimanie/,Мышление
"Внимание управляет реальностью Галактики",http://dan.kiev.ua/blog/2010/01/01/vnimanie-upravlyaet-realnostyu-galaktiki/,"Мой дневник, Мышление"
"Внимание — действие",http://dan.kiev.ua/blog/2008/08/26/vnimanie-deystvie/,Мышление
"Вокруг SCRUM&#8217;а",http://dan.kiev.ua/blog/2017/11/05/vokrug-scrum-a/,Мышление
"Волны поколений",http://dan.kiev.ua/blog/?p=4975,Мышление
"Вопросы по рамки цели",http://dan.kiev.ua/blog/2007/12/23/voprosy-po-ramki-celi/,Мышление
"Восемь историй",http://dan.kiev.ua/blog/2009/04/05/vosem-istorij/,Творчество
"Вот такой вот будет",http://dan.kiev.ua/blog/2008/04/16/vot-takoj-vot-budet/,Сделал
"Всё гениальное",http://dan.kiev.ua/blog/2008/05/04/vsyo-genialnoe/,Психология
"Все записи",http://dan.kiev.ua/blog/blog/all/,
"Все такие разные",http://dan.kiev.ua/blog/2008/12/04/vse-takie-raznyie/,Психология
"Всё тот же мастер–класс",http://dan.kiev.ua/blog/2008/05/19/vsyo-tot-zhe-master-klass/,"Мой дневник, Сделал"
"Всех убью — один останусь :)",http://dan.kiev.ua/blog/2008/07/20/vseh-ubyu-odin-ostanus/,"Мой дневник"
"Вы имеете право умереть (книга Выбраковка, Дивов)",http://dan.kiev.ua/blog/2007/10/04/vy-imeete-pravo-umeret-kniga-vybrakovka-divov/,"Мой дневник"
"Выводы из обучения ТМ",http://dan.kiev.ua/blog/2008/02/02/vyvody-iz-obucheniya-tm/,Психология
"Выживание в обществе",http://dan.kiev.ua/blog/2008/06/19/vyzhivanie-v-obshhestve/,Психология
"Вызов состояния (НК НЛП)",http://dan.kiev.ua/blog/2009/03/30/vyzov-sostoyaniya/,Психология
"Гениальность бывает разной",http://dan.kiev.ua/blog/2008/05/13/genialnost-byvaet-raznoj/,Кино
Гибкость,http://dan.kiev.ua/blog/2007/11/27/gibkost/,Психология
Главное,http://dan.kiev.ua/blog/home/,
"Главные ворота",http://dan.kiev.ua/blog/2007/12/31/glavnye-vorota/,"Мой дневник"
"Голос UP",http://dan.kiev.ua/blog/2007/12/20/golos-up/,"Мой дневник"
"Городской фольклор",http://dan.kiev.ua/blog/2008/02/24/gorodskoj-folklor/,Творчество
Грамматическое,http://dan.kiev.ua/blog/2007/12/30/ispravleniya/,"Мой дневник"
"Гуманизм &#8212; способ мышления",http://dan.kiev.ua/blog/2011/11/05/gumanizm-sposob-myishleniya/,Мышление
Да-чувак,http://dan.kiev.ua/blog/2010/01/25/yes-man/,"Кино, Мышление"
"Дан для eduCamp 08 &#8212; доклады",http://dan.kiev.ua/blog/2008/11/16/dan-dlya-educamp-08-doklady/,Компьютерное
"Дан для eduCamp 08 &#8212; моё",http://dan.kiev.ua/blog/2008/11/17/dan-dlya-educamp-08-moe/,"Компьютерное, Сделал"
"Дан для eduCamp 08 &#8212; подготовка",http://dan.kiev.ua/blog/2008/11/13/dan-dlya-educamp-08/,Компьютерное
"Дан и Клуб ЮНЕСКО НаУКМА",http://dan.kiev.ua/blog/2009/01/22/dan-i-klub-yunesko-naukma/,Сделал
"Дан на my-lib.ru",http://dan.kiev.ua/blog/2008/03/19/dan-na-my-libru/,"Мой дневник"
"Два полюса культур",http://dan.kiev.ua/blog/?p=4520,Психология
"Две непохожие книги и смерть",http://dan.kiev.ua/blog/2007/09/12/dve-nepoxozhie-knigi-i-smert/,"Мой дневник"
"Деконструкция духовности",http://dan.kiev.ua/blog/2014/04/26/dekonstruktsiya-duhovnosti/,Мышление
"Дело делаем вместе",http://dan.kiev.ua/blog/2008/02/05/delo-delaem-vmeste/,Психология
"Держать направление и делать",http://dan.kiev.ua/blog/2011/10/03/derzhat-napravlenie-i-delat/,Мышление
"Дизайн мышление (книги)",http://dan.kiev.ua/blog/2018/09/30/dizajn-myshlenie-knigi/,"Мышление, Творчество"
"Диспозициональная модель личности (big5)",http://dan.kiev.ua/blog/2010/11/23/dispozitsionalnaya-model-lichnosti-big5/,Психология
"дКВ &#8212; деконцентрация внимания",http://dan.kiev.ua/blog/2009/03/24/dkv-dekoncentraciya-vnimaniya/,Психология
"Дневниковость. Как я веду дневник",http://dan.kiev.ua/blog/2018/06/05/dnevnikovost-kak-ya-vedu-dnevnik/,"Компьютерное, Мой дневник, Сделал"
Дом,http://dan.kiev.ua/blog/2008/01/15/dom/,"Мой дневник"
"Дополнил анекдот",http://dan.kiev.ua/blog/2007/11/26/dopolnil-anekdot/,Психология
"Дошло и до меня",http://dan.kiev.ua/blog/2007/12/18/doshlo-i-do-menya/,"Мой дневник"
"Драматургия и Терапевтические метафоры",http://dan.kiev.ua/blog/2012/11/17/dramaturgiya-i-terapevticheskie-metaforyi/,"Кино, Психология, Творчество"
"Дрейф по городу (Борщаговка)",http://dan.kiev.ua/blog/2013/06/25/dreyf-po-gorodu-borshhagovka/,"Мой дневник, Мышление"
"Дрейф по городу (промрайон «Днепровский»)",http://dan.kiev.ua/blog/2013/08/24/dreyf-po-gorodu-promrayon-dneprovskiy/,"Мой дневник, Мышление"
Другие,http://dan.kiev.ua/blog/2007/11/28/drugie/,Психология
"Думать надо",http://dan.kiev.ua/blog/2008/06/13/dumat-nado/,Психология
"Дух Времени",http://dan.kiev.ua/blog/2011/03/03/duh-vremeni/,"Кино, Мышление"
"Есть ли будущее у coworking’a на Украине?",http://dan.kiev.ua/blog/2008/03/29/est-li-budushhee-u-coworking-e2-80-99a-na-ukraine/,"Компьютерное, Сделал"
"Ещё про Мак и Висту",http://dan.kiev.ua/blog/2008/04/04/eshhyo-pro-mak-i-vistu/,Компьютерное
"Живая библиотека",http://dan.kiev.ua/blog/2008/07/20/zhivaya-biblioteka/,"Мой дневник"
"Жизнь в триал",http://dan.kiev.ua/blog/2007/07/17/zhizn-v-trial/,Мышление
"Жизнь других (книга Белым по черному, Гальего)",http://dan.kiev.ua/blog/2007/09/13/zhizn-drugix-kniga-belym-po-chernomu-galego/,"Мой дневник"
"Жизнь и жить",http://dan.kiev.ua/blog/2011/01/29/zhizn-i-zhit/,Пси-ТВ
"Жизнь и наследие Вернера Эрхарда",http://dan.kiev.ua/blog/2012/07/19/zhizn-i-nasledie-vernera-erharda/,Пси-ТВ
"Жизнь и опыт как товар",http://dan.kiev.ua/blog/2008/01/09/imidj-facta/,Мышление
"Жизнь Соло",http://dan.kiev.ua/blog/2016/10/29/zhizn-solo/,Мышление
"Жить становиться понятнее",http://dan.kiev.ua/blog/2008/01/30/zhit-stanovitsya-ponyatnee/,Сделал
"Жить становиться понятнее. Уровень 2",http://dan.kiev.ua/blog/2008/08/21/zhit-stanovitsya-ponyatnee-uroven-2/,Психология
"За что я ненавижу Windows",http://dan.kiev.ua/blog/2008/01/07/za-chto-ya-nenavizhu-windows/,Компьютерное
"Замечание дня",http://dan.kiev.ua/blog/2007/11/24/zamechanie-dnya/,"Мой дневник"
ЗападлоНастроение,http://dan.kiev.ua/blog/2008/01/03/zapadlonastroenie/,Психология
"зачем мы…",http://dan.kiev.ua/blog/2006/10/14/zachem-my/,"Мой дневник"
"Зачем так жить (книга Бойцовский клуб, Паланик)",http://dan.kiev.ua/blog/2007/11/20/zachem-tak-zhit-kniga-bojcovskij-klub-palanik/,"Кино, Мой дневник"
"Звуковая среда",http://dan.kiev.ua/blog/2010/11/17/zvukovaya-sreda/,Пси-ТВ
"И как я выгляжу? (книга Создай себе имидж, Дэвис)",http://dan.kiev.ua/blog/2008/05/04/kniga-sozdaj-sebe-imidzh-devis/,"Мой дневник"
"И как я мог с такими идиотами вместе работать?",http://dan.kiev.ua/blog/2008/09/30/i-kak-ya-mog-s-takimi-idiotami-vmeste-rabotat/,Психология
"И такое бывает…",http://dan.kiev.ua/blog/2006/12/21/i-takoe-byvaet/,Мышление
"Игнорирование конкурентов плохо для вашего бизнеса",http://dan.kiev.ua/blog/2009/11/11/ignorirovanie-konkurentov-ploho-dlya-vashego-biznesa/,Психология
"Игра игре рознь",http://dan.kiev.ua/blog/2008/03/15/igra-igre-rozn/,Психология
"Иди в надсистему",http://dan.kiev.ua/blog/2008/05/12/idi-v-nadsistemu/,Мышление
"Из магазина",http://dan.kiev.ua/blog/2007/12/19/iz-magazina/,"Мой дневник"
"Известные глюки сознания",http://dan.kiev.ua/blog/2007/12/22/izvestnye-glyuki-soznaniya/,"Мышление, Психология"
"Изменения на сайте",http://dan.kiev.ua/blog/2011/01/08/izmeneniya-na-sayte/,Сделал
"Импровизационная &quot;Мафия&quot;",http://dan.kiev.ua/blog/2013/08/12/improvizatsionnaya-mafiya/,Сделал
"Импровизация &#8212; способ мышления",http://dan.kiev.ua/blog/?p=3435,Мышление
Импровизируя,http://dan.kiev.ua/blog/2010/02/09/improviziruya/,Творчество
"Инерция общества",http://dan.kiev.ua/blog/2008/04/17/inerciya-obshhestva/,Психология
Интересы,http://dan.kiev.ua/blog/?page_id=2776,
"Иррациональные мы",http://dan.kiev.ua/blog/2015/03/17/irratsionalnye-my/,Мышление
"Искусство вопросов в коучинге",http://dan.kiev.ua/blog/2011/02/02/iskusstvo-voprosov-v-kouchinge/,"Мышление, Психология"
"Искусство системного мышления",http://dan.kiev.ua/blog/2007/12/01/iskusstvo-sistemnogo-myshleniya/,Мышление
"История про хомяка",http://dan.kiev.ua/blog/2009/03/23/istoriya-pro-xomyaka/,Пси-ТВ
"История этого блога",http://dan.kiev.ua/blog/2008/11/25/istoriya-etogo-bloga/,Сделал
"Итоги &quot;Тиждень актуальної п&#039;єси&quot; 2013",http://dan.kiev.ua/blog/2013/10/27/itogi-tizhden-aktualnoyi-p-yesi-2013/,Творчество
"Итоги по Жозефу Нюттену",http://dan.kiev.ua/blog/2010/12/26/itogi-po-zhozefu-nyuttenu/,"Психология, Сделал"
"Как возникают ошибки в мышлении",http://dan.kiev.ua/blog/?p=3572,Мышление
"Как вспомнить всю книгу за 5 минту",http://dan.kiev.ua/blog/2008/01/09/kak-vspomnit-vsyu-knigu-za-5-mintu/,Мышление
"Как и Почему",http://dan.kiev.ua/blog/2008/04/25/kak-i-pochemu/,Психология
"Как мозг порождает смысл",http://dan.kiev.ua/blog/2010/07/27/kak-mozg-porazhdaet-smyisl/,"Мышление, Пси-ТВ"
"Как мы делаем это",http://dan.kiev.ua/blog/2007/11/29/kak-my-delaem-eto/,Психология
"Как мы заражаем друг друга",http://dan.kiev.ua/blog/2007/12/08/kak-my-zarazhaem-drug-druga/,Мышление
"Как мы относимся к другим? часть 1",http://dan.kiev.ua/blog/2008/09/29/kak-myi-otnosimsya-k-drugim-chast-1/,Психология
"Как мы относимся к другим? часть 2",http://dan.kiev.ua/blog/2008/09/29/kak-myi-otnosimsya-k-drugim-chast-2/,Психология
"Как становятся Великими",http://dan.kiev.ua/blog/2012/04/25/kak-stanovyatsya-velikimi/,Мышление
"Как такое возможно?",http://dan.kiev.ua/blog/2008/01/03/kak-takoe-vozmozhno/,"Мой дневник"
"Как хранить список прочитанных книг",http://dan.kiev.ua/blog/2013/01/12/kak-hranit-spisok-prochitannyih-knig/,"Компьютерное, Мой дневник"
"Как я из FireFox свою Opera делал. Часть 1",http://dan.kiev.ua/blog/2008/08/03/kak-ya-iz-firefox-svoyu-operu-delal-chast-1/,Компьютерное
"Как я из FireFox свою Opera делал. Часть 2",http://dan.kiev.ua/blog/2008/08/24/kak-ya-iz-firefox-svoyu-opera-delal-chast-2/,Компьютерное
"Как я из FireFox свою Opera делал. Часть 3",http://dan.kiev.ua/blog/2008/09/16/kak-ya-iz-firefox-svoyu-opera-delal-chast-3/,Компьютерное
"Карты восприятия",http://dan.kiev.ua/blog/2007/11/25/karty-vospriyatiya/,Мышление
"Карты действия",http://dan.kiev.ua/blog/2017/05/11/karty-dejstviya/,Мышление
"Книги по теориям личности",http://dan.kiev.ua/blog/2010/11/09/knigi-po-teoriyam-lichnosti/,Психология
"Коллективная мотивация",http://dan.kiev.ua/blog/2010/11/16/kollektivnaya-motivatsiya/,Психология
"Комментирование частей записей",http://dan.kiev.ua/blog/2010/11/25/kommentirovanie-chastey-zapisey/,Сделал
"Компания и культура. Zappos",http://dan.kiev.ua/blog/2018/01/14/kompaniya-i-kultura-zappos/,"Мышление, Психология"
"Компас сценариста",http://dan.kiev.ua/blog/2011/11/30/kompas-stsenarista/,"Кино, Творчество"
"Композиция на плоскости",http://dan.kiev.ua/blog/2008/03/25/kompoziciya-na-ploskosti/,Творчество
"Кому нужен стартап?",http://dan.kiev.ua/blog/2008/01/09/komu-nuzhen-startap/,Компьютерное
"Комьютерные игры и реальная жизнь",http://dan.kiev.ua/blog/2011/12/15/komyuternyie-igryi-i-realnaya-zhizn/,"Компьютерное, Пси-ТВ"
"Конституциональная психология (по Шелдону)",http://dan.kiev.ua/blog/2010/11/03/konstitutsionalnaya-psihologiya-po-sheldonu/,Психология
"Контактная импровизация (пару видео для начала)",http://dan.kiev.ua/blog/2009/12/31/contact-improvisation-video/,Пси-ТВ
"Контролирует нас",http://dan.kiev.ua/blog/2012/07/26/kontroliruet-nas/,"Мышление, Психология"
"Конфликты в конфликтологии",http://dan.kiev.ua/blog/2012/02/03/konfliktyi-v-konfliktologii/,"Мышление, Психология, Творчество"
"Коррекция фотографии в Photoshop",http://dan.kiev.ua/blog/2012/11/10/korrektsiya-fotografii-v-photoshop/,"Компьютерное, Творчество"
"Коучинг как азартная игра",http://dan.kiev.ua/blog/2009/06/18/kouching-kak-azartnaya-igra/,"Мой дневник, Психология"
"Коучинг по Тимоти Голви",http://dan.kiev.ua/blog/2011/02/01/kouching-po-timoti-golvi/,"Мышление, Психология"
"Креативный класс в современном обществе",http://dan.kiev.ua/blog/2017/04/13/kreativnyj-klass-v-sovremennom-obshhestve/,"Мышление, Творчество"
"Критерии самоактуализированной личности (Маслоу)",http://dan.kiev.ua/blog/2010/10/08/kriterii-samoaktualizirovannoy-lichnosti-maslou/,Психология
"Кровавая оргия в марсианском аду",http://dan.kiev.ua/blog/2007/12/17/krovavaya-orgiya-v-marsianskom-adu/,Психология
"Кругом полно идей",http://dan.kiev.ua/blog/2008/05/07/krugom-polno-idej/,Психология
"Кто же Я",http://dan.kiev.ua/blog/2012/09/13/kto-zhe-ya/,"Мышление, Психология"
"Кто кого любит?",http://dan.kiev.ua/blog/2008/05/28/kto-kogo-lyubit/,Психология
"Куда исчезают комментарии",http://dan.kiev.ua/blog/2008/12/30/kuda-ischezayut-kommentarii/,"Мой дневник"
"Куда катится этот мир",http://dan.kiev.ua/blog/2010/12/07/kuda-katitsya-etot-mir/,"Пси-ТВ, Психология"
"Куда мы катимся ;)",http://dan.kiev.ua/blog/2007/11/12/kuda-my-katimsya/,Психология
"Куда оно уходит",http://dan.kiev.ua/blog/2008/02/22/kuda-ono-uxodit/,Психология
"Культуры в которых я живу. Часть 1 &#8212; ПостСовок",http://dan.kiev.ua/blog/2014/02/12/kulturyi-v-kotoryih-ya-zhivu-chast-1-postsovok/,"Мой дневник, Мышление"
"Культуры в которых я живу. Часть 2 — Добрые люди",http://dan.kiev.ua/blog/2014/02/15/kulturyi-v-kotoryih-ya-zhivu-chast-2-dobryie-lyudi/,Мышление
"Культуры в которых я живу. Часть 3 &#8212; Цивилизованые",http://dan.kiev.ua/blog/2014/03/04/kulturyi-v-kotoryih-ya-zhivu-chast-3-tsivilizovanyie/,Мышление
"Курс по медитации",http://dan.kiev.ua/blog/2016/01/10/kurs-po-meditatsii/,"Мышление, Сделал"
"куски ДАО Винни-Пуха (Б Хофф)",http://dan.kiev.ua/blog/2007/08/12/kuski-dao-vinni-puxa-b-xoff/,Мышление
"Лаборатория «Как написать сценарий кинофильма»",http://dan.kiev.ua/blog/2013/10/09/laboratoriya-kak-napisat-stsenariy-kinofilma/,"Кино, Сделал, Творчество"
"Лекции, Тренинги",http://dan.kiev.ua/blog/lektsii-treningi/,
"Лестница роста (по Пьюселику)",http://dan.kiev.ua/blog/2011/01/07/lestnitsa-rosta-po-pyuseliku/,Мышление
"Литературная студия в Киеве",http://dan.kiev.ua/blog/2008/04/23/literaturnaya-studiya-v-kieve/,Творчество
"Личная оценка",http://dan.kiev.ua/blog/2008/01/23/lichnaya-ocenka/,Психология
"Личности не существует (бихевиоризм)",http://dan.kiev.ua/blog/2010/10/07/lichnosti-ne-sushhestvuet-biheviorizm/,Психология
"Личностные расстройства",http://dan.kiev.ua/blog/2010/11/19/lichnostnyie-rasstroystva/,Психология
"Личность в ЭСТренинге (Вернер), часть 1",http://dan.kiev.ua/blog/2010/10/25/lichnost-v-estreninge-verner/,Психология
"Личность в ЭСТренинге (Вернер), часть 2",http://dan.kiev.ua/blog/2010/10/25/lichnost-v-estreninge-verner-chast-2/,Психология
"Личность в ЭСТренинге (Вернер), часть 3",http://dan.kiev.ua/blog/2010/10/25/lichnost-v-estreninge-verner-chast-3/,Психология
"Лучшие книги о мышлении",http://dan.kiev.ua/blog/2009/09/24/luchshie-knigi-o-myshlenii/,Мышление
"Мануал к жизни",http://dan.kiev.ua/blog/2008/03/12/manual-k-zhizni/,Психология
"Марина Разбежкина &#8212; как снимать документальное кино",http://dan.kiev.ua/blog/2013/04/29/marina-razbezhkina-kak-snimat-dokumentalnoe-kino/,Психология
"Массовое сотрудничество как будущее экономики",http://dan.kiev.ua/blog/2010/08/02/massovoe-sotrudnichestvo-kak-buduschee-ekonomiki/,"Компьютерное, Мышление"
"Мастер-классы &quot;Неделя актуальной пьесы&quot; 2013",http://dan.kiev.ua/blog/2013/10/29/master-klassyi-nedelya-aktualnoy-pesyi-2013/,Творчество
"Мастерская Елены Ковальской на &quot;Неделя актуальной пьесы&quot; 2013",http://dan.kiev.ua/blog/2013/10/29/masterskaya-elenyi-kovalskoy-na-nedelya-aktualnoy-pesyi-2013/,"Мышление, Творчество"
"Мастерство рассказывания историй",http://dan.kiev.ua/blog/2009/04/14/masterstvo-rasskazyvaniya-istorij/,"Сделал, Творчество"
"Материалы сценарной мастерской ГОГОЛЬFEST 2012",http://dan.kiev.ua/blog/2012/10/02/materialyi-stsenarnoy-masterskoy-gogolfest-2012/,"Сделал, Творчество"
"Мёртвая верёвка",http://dan.kiev.ua/blog/2008/03/14/myortvaya-veryovka/,Мышление
"Метафора про метафору",http://dan.kiev.ua/blog/2009/01/07/metafora-pro-metaforu/,Пси-ТВ
"Механизм возникновения зависимости",http://dan.kiev.ua/blog/2009/08/11/mexanizm-vozniknoveniya-zavisimosti/,"Мышление, Психология"
"МиниКэмп Апрель. Соц сети",http://dan.kiev.ua/blog/2008/04/26/minikemp-aprel-soc-seti/,Компьютерное
минута,http://dan.kiev.ua/blog/2012/02/12/minuta/,Творчество
"Мир в котором (думаем что) живём",http://dan.kiev.ua/blog/2010/10/18/mir-v-kotorom-dumaem-chto-zhivyom/,"Мышление, Психология"
"Мифы в мышлении",http://dan.kiev.ua/blog/2014/05/26/mify-v-myshlenii/,"Мышление, Творчество"
"Модель GROW в коучинге",http://dan.kiev.ua/blog/2011/02/04/model-grow-v-kouchinge/,Мышление
"Модель личности CAPS",http://dan.kiev.ua/blog/2010/11/17/model-lichnosti-caps/,Психология
"Модель роста (Кривая Бандуры)",http://dan.kiev.ua/blog/2010/10/19/model-rosta-krivaya-banduryi/,"Мышление, Психология"
"Моё личное пространство",http://dan.kiev.ua/blog/2009/04/19/moyo-lichnoe-prostranstvo/,Психология
"Моё с Twitter.com за неделю",http://dan.kiev.ua/blog/2008/09/04/moyo-s-twittercom-za-nedelyu-2/,"Мой дневник"
"Моё с Твиттера за неделю",http://dan.kiev.ua/blog/2008/08/21/moyo-s-tvittera-za-mesyats/,"Мой дневник"
"Моё с Твиттера за неделю",http://dan.kiev.ua/blog/2008/08/28/moyo-s-tvittera-za-nedelyu/,"Мой дневник"
"Мозг: что и зачем оно тут",http://dan.kiev.ua/blog/2018/02/28/mozg-chto-i-zachem-ono-tut/,"Мышление, Психология"
"Мои любимые фильмы",http://dan.kiev.ua/blog/2011/12/12/moi-lyubimyie-filmyi/,Кино
"Мои метафоры",http://dan.kiev.ua/blog/2011/08/04/moi-metaforyi/,"Мышление, Творчество"
"Мои мысли про SCRUM",http://dan.kiev.ua/blog/2017/11/02/moi-mysli-pro-scrum/,"Мышление, Творчество"
"Мои переживания с выставки HR-БЮДЖЕТ",http://dan.kiev.ua/blog/2008/09/12/moi-perezhivaniya-s-vyistavki-hr-byudzhet/,Психология
"Мой буто год",http://dan.kiev.ua/blog/2017/06/02/moj-buto-god/,"Сделал, Творчество"
"Мой ГогольФест 2012",http://dan.kiev.ua/blog/2012/12/11/moy-gogolfest-2012/,"Сделал, Творчество"
"Мой Путь Художника",http://dan.kiev.ua/blog/2015/12/31/moj-put-hudozhnika/,"Мышление, Сделал, Творчество"
"Мой третий фильм &#8212; сны",http://dan.kiev.ua/blog/2013/10/15/moy-tretiy-film-snyi/,"Кино, Сделал, Творчество"
"Мой четвертый фильм &#8212; документальный",http://dan.kiev.ua/blog/2013/10/10/moy-chetvertyiy-film-dokumentalnyiy/,"Сделал, Творчество"
"Молодым фрилансерам",http://dan.kiev.ua/blog/2008/02/18/molodym-frilanseram/,Кино
"Мотивация и время",http://dan.kiev.ua/blog/2011/08/09/motivatsiya-i-vremya/,"Мышление, Психология"
"Моя интерпретация Жозефа Нюттена, ч1",http://dan.kiev.ua/blog/2010/12/19/moya-interpretatsiya-zhozefa-nyuttena-ch1/,Психология
"Моя интерпретация Жозефа Нюттена, ч2",http://dan.kiev.ua/blog/2010/12/21/moya-interpretatsiya-zhozefa-nyuttena-ch2/,Психология
"Моя интерпретация Жозефа Нюттена, ч3",http://dan.kiev.ua/blog/2010/12/21/moya-interpretatsiya-zhozefa-nyuttena-ch3/,Психология
"Моя интерпретация Жозефа Нюттена, ч4",http://dan.kiev.ua/blog/2010/12/23/moya-interpretatsiya-zhozefa-nyuttena-ch4/,Психология
"Моя интерпретация Жозефа Нюттена, ч5",http://dan.kiev.ua/blog/2010/12/25/moya-interpretatsiya-zhozefa-nyuttena-ch5/,Психология
"Моя лекция &quot;Смысл творчества (в психологии)&quot;",http://dan.kiev.ua/blog/2012/08/18/moya-lektsiya-smyisl-tvorchestva-v-psihologii/,"Психология, Сделал, Творчество"
"Моя лекция по Спиральной Динамике",http://dan.kiev.ua/blog/2013/04/15/moya-lektsiya-po-spiralnoy-dinamike/,"Мышление, Пси-ТВ, Сделал"
"Моя память. Очерк",http://dan.kiev.ua/blog/2013/06/15/moya-pamyat-ocherk/,"Мой дневник"
"Моя подборка MAC софта",http://dan.kiev.ua/blog/2009/06/29/moya-podborka-mac-softa/,Компьютерное
"Моя презентация на Kyiv MiniCamp March",http://dan.kiev.ua/blog/2008/03/29/moya-prezentaciya-na-kyiv-minicamp-march/,Сделал
"Мы вернулись",http://dan.kiev.ua/blog/2008/07/05/myi-vernulis/,"Мой дневник"
"Мы здесь живем (книга Шок будущего, Тоффлер)",http://dan.kiev.ua/blog/2007/12/12/my-zdes-zhivem-kniga-shok-budushhego-toffler/,"Мой дневник, Мышление"
мыслевирусЫ,http://dan.kiev.ua/blog/2007/12/05/myslevirusy/,Мышление
"Мысли о DocuDaysUA 2016",http://dan.kiev.ua/blog/2016/04/02/mysli-o-docudaysua-2016/,"Кино, Творчество"
"Мысли о памяти",http://dan.kiev.ua/blog/?p=4903,Психология
"Мысли о создании кино (для DreamFest)",http://dan.kiev.ua/blog/2013/04/15/myisli-o-sozdanii-kino-dlya-dreamfest/,"Кино, Творчество"
"Мышление. Цикл лекций в Свободной Школе",http://dan.kiev.ua/blog/2013/06/12/myishlenie-tsikl-lektsiy-v-svobodnoy-shkole/,"Мышление, Сделал"
"На старт, внимание, ешь",http://dan.kiev.ua/blog/2007/12/16/na-start-vnimanie-esh/,"Мой дневник"
"Надо быть как все…   (фильм Гадкие лебеди по АБС)",http://dan.kiev.ua/blog/2007/08/16/nado-byt-kak-vse-film-gadkie-lebedi-po-abs/,Кино
"Нажал две клавиши и задумался",http://dan.kiev.ua/blog/2008/01/13/nazhal-dve-klavishi-i-zadumalsya/,Творчество
"Наполеон «подумал и разбогател»",http://dan.kiev.ua/blog/2008/08/11/napoleon-podumal-i-razbogatel/,Мышление
Начала,http://dan.kiev.ua/blog/2007/11/18/nachala/,Сделал
"Начало и конец…",http://dan.kiev.ua/blog/2007/09/15/nachalo-i-konec/,Мышление
"Не хочу Vista, но куда денешься",http://dan.kiev.ua/blog/2008/01/08/ne-xochu-vista/,Компьютерное
Неделание,http://dan.kiev.ua/blog/2008/03/24/nedelanie/,Мышление
"Неделя в Mac OS Leopard",http://dan.kiev.ua/blog/2008/10/15/nedelya-v-mac-os-leopard/,Компьютерное
"Немного интеграции",http://dan.kiev.ua/blog/2008/08/14/nemnogo-integratsii/,Сделал
"Немного о принципах",http://dan.kiev.ua/blog/2008/06/15/nemnogo-o-principax/,Психология
"Немного о Супермышление",http://dan.kiev.ua/blog/2008/04/19/nemnogo-o-supermyshlenie/,Мышление
Ненасилие,http://dan.kiev.ua/blog/polyamory/,
"Ненасильственное преодоление диктатуры",http://dan.kiev.ua/blog/2014/01/16/nenasilstvennoe-preodolenie-diktaturyi/,Мышление
"Нестандартная и страшная истории из сегодня",http://dan.kiev.ua/blog/2007/12/08/nestandartnaya-i-strashnaya-istorii-iz-segodnya/,"Мой дневник"
"Неустойчивость &#8212; точка транзита потоков",http://dan.kiev.ua/blog/2007/10/19/neustojchivost-tochka-tranzita-potokov/,Психология
"Новая ИК про чтение",http://dan.kiev.ua/blog/2008/04/22/novaya-ik-pro-chtenie/,Мышление
"Новое &#8212; это хорошо забытое (фильм Русалка)",http://dan.kiev.ua/blog/2007/12/20/novoe-eto-xorosho-zabytoe-film-rusalka/,Кино
"Новое меню рубрик на сайте",http://dan.kiev.ua/blog/2011/02/03/novoe-menyu-rubrik-na-sayte/,Сделал
"О драматургии кино и театра",http://dan.kiev.ua/blog/2011/09/25/o-dramaturgii-kino-i-teatra/,Творчество
"О еде",http://dan.kiev.ua/blog/2015/02/23/o-ede/,"Кино, Мышление, Пси-ТВ"
"О знакомстве",http://dan.kiev.ua/blog/2007/11/26/o-znakomstve/,"Мой дневник, Психология"
"О конспектировании",http://dan.kiev.ua/blog/2008/08/16/o-konspektirovanii/,Психология
"О линейной (временной) композиции в контексте тренинга",http://dan.kiev.ua/blog/2007/11/24/o-linejnoj-vremennoj-kompozicii-v-kontekste-treninga/,Психология
"О людях (в метро)",http://dan.kiev.ua/blog/2013/06/19/o-lyudyah-v-metro/,"Мой дневник, Мышление"
"о НЛП и Психологии",http://dan.kiev.ua/blog/2009/07/11/o-nlp-i-psixologii/,Психология
"О первой встрече клуба",http://dan.kiev.ua/blog/2008/08/11/o-pervoy-vstreche-kluba/,Сделал
"О сериале &quot;Легенда об Искателе&quot;",http://dan.kiev.ua/blog/2013/05/22/o-seriale-legenda-ob-iskatele/,Кино
"О эволюции (видео)",http://dan.kiev.ua/blog/2009/08/13/o-evolyucii-video/,Пси-ТВ
"Обзор локальных ToDo программ на Хабре",http://dan.kiev.ua/blog/2008/01/18/obzor-lokalnyx-todo-programm-na-xabre/,Компьютерное
Оборотник,http://dan.kiev.ua/blog/2012/02/20/oborotnik/,"Мышление, Психология"
"Обратная связь",http://dan.kiev.ua/blog/2008/06/07/obratnaya-svyaz/,Мышление
"Обратная танатотерапия",http://dan.kiev.ua/blog/2009/10/31/obratnaya-tanatoterapiya/,"Мышление, Психология"
"Обучение в Киеве",http://dan.kiev.ua/blog/2009/03/17/obuchenie-v-kieve/,Психология
"Оглавление в pdf",http://dan.kiev.ua/blog/2008/02/27/oglavlenie-v-pdf/,Компьютерное
"Одна из самых сильных психологических теорий",http://dan.kiev.ua/blog/2010/12/05/odna-iz-samyih-silnyih-psihologicheskih-teoriy/,"Мышление, Психология"
"Одно против другого",http://dan.kiev.ua/blog/2007/12/28/odno-protiv-drugogo/,Кино
"Однозначно нормальный и правильный",http://dan.kiev.ua/blog/2008/02/24/odnoznachno-normalnyj-i-pravilnyj/,Мышление
"Он деньги любил&#8230; (потреблядство)",http://dan.kiev.ua/blog/2009/08/06/on-dengi-lyubil/,Психология
оПера,http://dan.kiev.ua/blog/2007/10/22/opera/,Компьютерное
"Опросник в душу",http://dan.kiev.ua/blog/2009/03/20/oprosnik-v-dushu/,Психология
"Опыты социализации",http://dan.kiev.ua/blog/2008/04/28/opyty-socializacii/,Компьютерное
"Опять Вистуем",http://dan.kiev.ua/blog/2008/04/21/opyat-vistuem/,Компьютерное
"Опять про своё",http://dan.kiev.ua/blog/2008/04/15/opyat-pro-svoyo/,Психология
"ОСнова компьютера",http://dan.kiev.ua/blog/2008/06/05/osnova-kompyutera/,Компьютерное
"Основы использования web 2.0 (видео)",http://dan.kiev.ua/blog/2009/06/05/osnovy-ispolzovaniya-web-20-video/,"Компьютерное, Сделал"
"От создателей НЛП",http://dan.kiev.ua/blog/2007/07/16/ot-sozdatelej-nlp/,Мышление
"Отзыв на аудиотур &#171;Дело Менделя Бейлиса&#187;",http://dan.kiev.ua/blog/2017/01/03/otzyv-na-audiotur-delo-mendelya-bejlisa/,Творчество
"Откуда берутся Гении",http://dan.kiev.ua/blog/2012/04/27/otkuda-berutsya-genii/,"Мышление, Психология"
"Отманипулируй меня",http://dan.kiev.ua/blog/2008/05/14/otmanipuliruj-menya/,Мышление
"Отсутствие оптимальности",http://dan.kiev.ua/blog/2011/12/05/otsutstvie-optimalnosti/,Мышление
"Ох уж эти хостинги",http://dan.kiev.ua/blog/2008/07/31/oh-uzh-eti-hostingi/,"Мой дневник"
"Оценка ресурсов",http://dan.kiev.ua/blog/2008/06/18/ocenka-resursov/,Психология
"Очень мало про Японию",http://dan.kiev.ua/blog/2008/01/06/ochen-malo-pro-yaponiyu/,"Мой дневник"
"Очерк на занятие «Воображение», Школа Свободы",http://dan.kiev.ua/blog/2013/06/26/ocherk-na-zanyatie-voobrazhenie-shkola-svobodyi/,Творчество
"Очерк на занятие «Золотая база», Школа Свободы",http://dan.kiev.ua/blog/2013/05/20/ocherk-na-zanyatie-zolotaya-baza-shkola-svobodyi/,Творчество
"Пару идей",http://dan.kiev.ua/blog/2008/01/05/paru-idej/,Компьютерное
"Первая интегративная терапия (Альберт Эллис)",http://dan.kiev.ua/blog/2010/11/17/pervaya-integrativnaya-terapiya-albert-ellis/,Психология
"Первый для меня фильм (км &quot;Бывает&quot;)",http://dan.kiev.ua/blog/2012/08/18/pervyiy-dlya-menya-film-km-byivaet/,"Сделал, Творчество"
"Переносим отсюда туда",http://dan.kiev.ua/blog/2008/06/12/perenosim-otsyuda-tuda/,Сделал
"Перфекционизм &#8212; способ мышления",http://dan.kiev.ua/blog/2011/10/21/perfektsionizm-sposob-myishleniya/,Мышление
"Пешком по Киеву",http://dan.kiev.ua/blog/2012/08/11/peshkom-po-kievu/,"Сделал, Творчество"
"По мотивам презентаций",http://dan.kiev.ua/blog/2008/11/18/po-motivam-prezentacij/,Компьютерное
"По следам идей Маслоу",http://dan.kiev.ua/blog/2012/11/01/po-sledam-idey-maslou/,Психология
"Подходы к ТМ",http://dan.kiev.ua/blog/2008/06/24/podxody-k-tm/,Мышление
"Позитивная психология (по Селигману)",http://dan.kiev.ua/blog/2010/12/08/pozitivnaya-psihologiya-po-seligmanu/,Психология
"Полезные линки",http://dan.kiev.ua/blog/links/,
"Полиамурность в Украине &#8212; 2015 год",http://dan.kiev.ua/blog/2016/01/02/poliamurnost-v-ukraine-2015-god/,"Мой дневник, Психология, Сделал"
"Политический потенциал танцевальной импровизации",http://dan.kiev.ua/blog/2013/08/08/politicheskiy-potentsial-tantsevalnoy-improvizatsii/,"Мой дневник, Мышление, Творчество"
"Понимание приходит",http://dan.kiev.ua/blog/2008/02/06/ponimanie-prixodit/,Психология
Понравилось,http://dan.kiev.ua/blog/likes/,
"Попробуй сделай",http://dan.kiev.ua/blog/2006/11/03/poprobuj-sdelaj/,"Мой дневник"
"Порядочные файлы",http://dan.kiev.ua/blog/2008/01/30/poryadochnye-fajly/,Компьютерное
"Посетил DocuDays UA 2017 (Киев)",http://dan.kiev.ua/blog/2017/04/01/posetil-docudays-ua-2017-kiev/,"Кино, Творчество"
"После лекции Вырыпаева &quot;О современности&quot;",http://dan.kiev.ua/blog/2013/05/01/posle-lektsii-vyiryipaeva-o-sovremennosti/,"Мышление, Творчество"
"Пост-рок в музыке",http://dan.kiev.ua/blog/2014/11/10/post-rok-v-muzyike/,Творчество
"Постдраматический театр",http://dan.kiev.ua/blog/2014/03/12/postdramaticheskiy-teatr/,Творчество
"Постмодернизм и всё такое",http://dan.kiev.ua/blog/2014/05/27/postmodernizm-i-vsyo-takoe/,"Мышление, Творчество"
"Поток и счастье (видеокаст)",http://dan.kiev.ua/blog/2010/01/29/potok-i-schaste-videokast/,Пси-ТВ
"Потоковая диаграмма мышления",http://dan.kiev.ua/blog/2011/11/22/potokovaya-diagramma-myishleniya/,Мышление
"Почувствуй себя пчелой",http://dan.kiev.ua/blog/2008/04/22/pochuvstvuj-sebya-pcheloj/,Сделал
Правила?,http://dan.kiev.ua/blog/2008/05/27/pravila/,Мышление
"Правило 10 000 часов",http://dan.kiev.ua/blog/2010/06/22/pravilo-10-000-chasov/,"Мышление, Психология"
"Превосходство — способ мышления",http://dan.kiev.ua/blog/2011/10/31/prevoshodstvo-sposob-myishleniya/,Мышление
Презентоужасы,http://dan.kiev.ua/blog/2007/12/17/prezentouzhasy/,Психология
"Пресс-конференция на тему Coworking’а",http://dan.kiev.ua/blog/2008/03/29/press-konferenciya-na-temu-coworkinga/,Компьютерное
"Примеры опасного хода мышления",http://dan.kiev.ua/blog/2010/08/12/primeryi-opasnogo-hoda-myishleniya/,"Мышление, Психология"
"Принципы моих тренингов",http://dan.kiev.ua/blog/2009/11/28/printsipyi-moih-treningov/,"Мой дневник, Мышление"
Принять,http://dan.kiev.ua/blog/2008/06/20/prinyat/,Психология
"Приоритет ОСев",http://dan.kiev.ua/blog/2008/02/01/prioritet-osev/,Компьютерное
"Приоритеты периодов жизни",http://dan.kiev.ua/blog/2008/02/07/prioritety-periodov-zhizni/,Психология
"Притча об одной ноте",http://dan.kiev.ua/blog/2008/03/09/pritcha-ob-odnoj-note/,Мышление
"Про скобочки",http://dan.kiev.ua/blog/2008/01/15/pro-skobochki/,Творчество
"Про справедливость",http://dan.kiev.ua/blog/2007/09/29/pro-spravedlivost/,Мышление
"Про этот блог",http://dan.kiev.ua/blog/2008/03/24/pro-etot-blog/,Сделал
про.себя,http://dan.kiev.ua/blog/2007/11/27/prosebya/,"Мой дневник, Психология"
"Программа и книга",http://dan.kiev.ua/blog/2008/01/17/programma-i-kniga/,Компьютерное
"Прогулка по сайту orthodoxy.ru",http://dan.kiev.ua/blog/2007/12/05/progulka-po-sajtu-orthodoxyru/,"Мой дневник, Психология"
"Прогулка с Кастанедой",http://dan.kiev.ua/blog/2010/10/28/progulka-s-kastanedoy/,Психология
Проекты,http://dan.kiev.ua/blog/?page_id=4963,
"Проекты, которые собираюсь сделать",http://dan.kiev.ua/blog/2013/06/14/proektyi-kotoryie-sobirayus-sdelat/,"Мой дневник"
Произведения,http://dan.kiev.ua/blog/worksofart/,
Происшествие,http://dan.kiev.ua/blog/2007/11/24/proisshestvie/,Психология
"Пропаганда и массовое влияние",http://dan.kiev.ua/blog/2012/04/16/propaganda-i-massovoe-vliyanie/,Мышление
"Процесс и результат",http://dan.kiev.ua/blog/2008/09/09/protsess-i-rezultat/,"Компьютерное, Психология"
"Процессы ЭСТ трансформации",http://dan.kiev.ua/blog/2010/10/26/protsessyi-est-transformatsii/,"Мышление, Психология"
"Прочти меня",http://dan.kiev.ua/blog/?page_id=1340,
"Прямо пособие по бизнесу",http://dan.kiev.ua/blog/2008/01/25/pryamo-posobie-po-biznesu/,Психология
"Психологическая зрелость по Роджерсу",http://dan.kiev.ua/blog/2010/10/10/psihologicheskaya-zrelost-po-rodzhersu/,Психология
"Психологическая не-техника",http://dan.kiev.ua/blog/2013/03/25/psihologicheskaya-ne-tehnika/,Психология
"Психология творчества",http://dan.kiev.ua/blog/?p=3312,"Мышление, Психология, Творчество"
"Психология управления делами",http://dan.kiev.ua/blog/?p=4731,"Мышление, Психология"
"Психология эмоций (по Полу Экману)",http://dan.kiev.ua/blog/2010/12/03/psihologiya-emotsiy-po-polu-ekmanu/,Психология
"Пятница (не 13) в фотоклубе",http://dan.kiev.ua/blog/2008/03/08/pyatnica-ne-13-v-fotoklube/,Творчество
"Пятница (не 13) с Земфирой",http://dan.kiev.ua/blog/2008/03/08/pyatnica-ne-13-s-zemfiroj/,Кино
"Работа как внутренняя игра (по Голви)",http://dan.kiev.ua/blog/2011/01/31/rabota-kak-vnutrennya-igra-po-golvi/,Психология
"Работа над ошибками",http://dan.kiev.ua/blog/2016/07/15/rabota-nad-oshibkami/,"Мышление, Психология"
"Работа по-новому",http://dan.kiev.ua/blog/2012/04/30/rework/,"Компьютерное, Мышление"
"Работа по-японски",http://dan.kiev.ua/blog/2017/10/21/rabota-po-yaponskij/,Мышление
"Работа – это то, что любишь",http://dan.kiev.ua/blog/2008/01/16/rabota-eto-to-chto-lyubish/,Кино
"радостно играть в спокойную страсть",http://dan.kiev.ua/blog/2008/08/08/radostno-igrat-v-spokoynuyu-strast/,Психология
"Разводка «Shit happens»",http://dan.kiev.ua/blog/2010/07/25/razvodka-shit-happens/,Мышление
"Размерчик ЖЖ",http://dan.kiev.ua/blog/2007/12/07/razmerchik-zhzh/,Компьютерное
"Размышления о масс-коммуникации",http://dan.kiev.ua/blog/2012/01/18/razmyishleniya-o-mass-kommunikatsii/,"Мышление, Творчество"
"Размышления о объявлениях",http://dan.kiev.ua/blog/2009/04/09/razmyshleniya-o-obyavleniyax/,Психология
Разочаровал,http://dan.kiev.ua/blog/2008/04/25/razocharoval/,Психология
"Раком стать",http://dan.kiev.ua/blog/2008/03/03/rakom-stat/,Мышление
"Рамка цели",http://dan.kiev.ua/blog/2007/12/31/ramka-celi/,Психология
"Распространенное заблужедние о наркотиках",http://dan.kiev.ua/blog/2016/01/29/rasprostranennoe-zabluzhednie-o-narkotikah/,Пси-ТВ
"Рассказанная цель обесценивается",http://dan.kiev.ua/blog/2011/02/10/rasskazannaya-tsel-obestsenivaetsya/,"Мышление, Пси-ТВ, Психология"
"Ре.акция на утрату",http://dan.kiev.ua/blog/2008/06/24/reakciya-na-utratu/,Психология
"Режиссёрский сценарий &quot;Наказание&quot;",http://dan.kiev.ua/blog/2010/12/23/rezhissyorskiy-stsenariy-nakazanie/,Творчество
"Реорганизация разделов",http://dan.kiev.ua/blog/2009/01/16/reorganizatsiya-razdelov/,Сделал
"Роджерс о воспитании здоровых детей (людей)",http://dan.kiev.ua/blog/2010/10/11/rodzhers-o-vospitanii-zdorovyih-detey-lyudey/,Психология
"Рынок и современное искусство",http://dan.kiev.ua/blog/2014/04/13/ryinok-i-sovremennoe-iskusstvo/,Творчество
"С любой стороны",http://dan.kiev.ua/blog/2007/11/23/s-lyuboj-storony/,Психология
"С моей точки зрения",http://dan.kiev.ua/blog/2008/03/08/s-moej-tochki-zreniya/,Мышление
"Самое главное в жизни — это семья (книга Путь Самца, Трахтенберг)",http://dan.kiev.ua/blog/2007/09/04/samoe-glavnoe-v-zhizni-e2-80-94-eto-semya-kniga-put-samca-traxtenberg/,"Мой дневник, Психология"
"Самоисполняющиеся пророчества и гендерные (половые) различия",http://dan.kiev.ua/blog/2008/08/24/samoispolnyayuschiesya-prorochestva-i-gendernyie-polovyie-razlichiya/,Психология
"Самый страшный ToDo",http://dan.kiev.ua/blog/2008/03/15/samyj-strashnyj-todo/,Компьютерное
"Самый умный фильм",http://dan.kiev.ua/blog/2008/05/01/samyj-umnyj-film/,"Кино, Психология"
"Связанные одной",http://dan.kiev.ua/blog/2008/03/25/svyazannye-odnoj/,Психология
"Связаные одной цепью",http://dan.kiev.ua/blog/2010/05/25/svyazanyie-odnoy-tsepyu/,Пси-ТВ
СДР,http://dan.kiev.ua/blog/2007/12/18/sdr/,Сделал
"Секрет успеха",http://dan.kiev.ua/blog/2007/11/26/sekret-uspexa/,Психология
"Секреты Здоровья",http://dan.kiev.ua/blog/2008/11/12/sekrety-zdorovya/,Мышление
"Семинар матёрых социоников",http://dan.kiev.ua/blog/2008/04/14/seminar-matyoryx-socionikov/,Психология
"Сериалы про науку в ФБР",http://dan.kiev.ua/blog/2013/11/27/serialyi-pro-nauku-v-fbr/,"Кино, Мышление"
"Системнодинамичные и страшнорусские",http://dan.kiev.ua/blog/2007/12/13/sistemnodinamichnye-i-strashnorusskie/,Психология
"Сколько есть меня",http://dan.kiev.ua/blog/2008/10/24/skolko-est-menya/,Психология
"Скотт Пек о любви",http://dan.kiev.ua/blog/2015/01/09/skott-pek-o-lyubvi/,"Мышление, Психология"
"Следи за собой",http://dan.kiev.ua/blog/2008/03/06/sledi-za-soboj/,"Мой дневник, Психология"
"Солнце и луна (книга ДПП (нн), Пелевин)",http://dan.kiev.ua/blog/2007/09/26/solnce-i-luna-kniga-dpp-nn-pelevin/,"Мой дневник, Мышление"
"Сопри этот пост (книга Сопри эту книгу, Хоффман)",http://dan.kiev.ua/blog/2007/12/09/sopri-etot-post-kniga-sopri-etu-knigu-xoffman/,"Мой дневник"
"Сопроводительный пост к мастер-классу по MindMap 1904",http://dan.kiev.ua/blog/2008/04/22/soprovoditelnyj-post-k-master-klassu-po-mindmap-1904/,Сделал
"Сопроводительный пост к мастер-классу по MindMap 2405",http://dan.kiev.ua/blog/2008/05/26/soprovoditelnyj-post-k-master-klassu-po-mindmap-2405/,Сделал
"Сопроводительный пост к мастер-классу по Новому Коду НЛП",http://dan.kiev.ua/blog/2009/10/20/soprovoditelnyiy-post-k-master-klassu-po-novomu-kodu-nlp/,Психология
"Сопроводительный пост к презентации «Эффективное чтение книг»",http://dan.kiev.ua/blog/2008/10/18/soprovoditelnyj-post-k-prezentacii-effektivnoe-chtenie-knig/,"Компьютерное, Сделал"
"Сопроводительный пост к тренингу «Краткий курс по MindMap (Интеллект картам)»",http://dan.kiev.ua/blog/2009/02/21/soprovoditelnyj-post-k-treningu-kratkij-kurs-po-mindmap-intellekt-kartam/,Сделал
Сотрудничество,http://dan.kiev.ua/blog/sotrudnichestvo/,
"Сотрудничество лучше соперничества (всегда!)",http://dan.kiev.ua/blog/2010/01/22/sotrudnichestvo-luchshe-sopernichestva-vsegda/,"Компьютерное, Мышление, Пси-ТВ, Психология"
"Сохрани мозг",http://dan.kiev.ua/blog/2008/01/21/soxrani-mozg/,Компьютерное
"СоХранили Идею",http://dan.kiev.ua/blog/2007/10/15/soxranili-ideyu/,Компьютерное
"Спасти мир",http://dan.kiev.ua/blog/2008/03/22/spasti-mir/,Психология
"СПИД? Да ладно",http://dan.kiev.ua/blog/2007/12/01/spid-da-ladno/,"Мой дневник, Психология"
"Спонтанность и планирование (Дан и Сергей плюс интервью с прохожими)",http://dan.kiev.ua/blog/2008/08/30/spontannost-i-planirovanie-dan-i-sergey-plyus-intervyu-s-prohozhimi/,Психология
"Стадии развития личности",http://dan.kiev.ua/blog/2011/08/21/stadii-razvitiya-lichnosti/,"Мышление, Психология"
"Стивен Пинкер «Чистый лист» на TED",http://dan.kiev.ua/blog/2010/11/16/stiven-pinker-chistyiy-list-na-ted/,Пси-ТВ
"Стиль жизни",http://dan.kiev.ua/blog/2008/04/06/stil-zhizni/,Мышление
"Стратегии в конфликте для воюющих",http://dan.kiev.ua/blog/2011/12/27/strategii-v-konflikte-dlya-voyuyushhih/,Мышление
"Стратегии в конфликте для сотрудничающих",http://dan.kiev.ua/blog/2012/01/02/strategii-v-konflikte-dlya-sotrudnichayushhih/,Мышление
"Стратегия и Тактика",http://dan.kiev.ua/blog/2007/12/04/strategiya-i-taktika/,Мышление
"Стратегия творчества Уолта Диснея",http://dan.kiev.ua/blog/2011/02/02/strategiya-tvorchestva-uolta-disneya/,Мышление
"Страшно, да?",http://dan.kiev.ua/blog/2007/12/05/strashno-da/,Психология
"Субагх Крия (крия счастья и процветания)",http://dan.kiev.ua/blog/2012/02/04/subagh-kriya-kriya-schastya-i-protsvetaniya/,"Мышление, Сделал"
"Сферы интерессов",http://dan.kiev.ua/blog/2008/12/26/sfery-interessov/,Психология
"Сценарий &quot;Конец?&quot; (по Брэдбери)",http://dan.kiev.ua/blog/2011/01/18/stsenariy-konets-po-bredberi/,Творчество
"Сценарий &quot;ТОЛЬКО РАДОСТЬ&quot;",http://dan.kiev.ua/blog/2011/12/16/stsenariy-tolko-radost/,Творчество
"Сценарий / пьеса «СПб»",http://dan.kiev.ua/blog/2011/12/20/stsenariy-spb/,Творчество
"Тайм Драйв: часть 1",http://dan.kiev.ua/blog/2008/01/16/tajm-drajv-chast-1/,Психология
"Тайм Драйв: часть 2",http://dan.kiev.ua/blog/2008/01/17/tajm-drajv-chast-2/,Психология
"Тайм Драйв: часть 3 и 4",http://dan.kiev.ua/blog/2008/01/21/tajm-drajv-chast-3-i-4/,Психология
"Так говорили перед войной",http://dan.kiev.ua/blog/2007/11/20/tak-govorili-pered-vojnoj/,Психология
"Такой день",http://dan.kiev.ua/blog/2007/12/11/takoj-den/,"Мой дневник"
"Такой странный фильм",http://dan.kiev.ua/blog/2007/12/15/takoj-strannyj-film/,Кино
"Танцующая гиппопотамиха",http://dan.kiev.ua/blog/2010/11/25/tantsuyushhaya-gippopotamiha/,Пси-ТВ
"ТВ шоу",http://dan.kiev.ua/blog/2007/12/08/tv-shou/,Психология
"Творческий акт и Личность художника",http://dan.kiev.ua/blog/2014/05/09/tvorcheskiy-akt-i-lichnost-hudozhnika/,"Психология, Творчество"
"Творческое расписание",http://dan.kiev.ua/blog/2007/12/02/tvorcheskoe-raspisanie/,"Мой дневник"
"Театральная импровизация",http://dan.kiev.ua/blog/?p=4769,Творчество
"Текст как инструмент личностного роста",http://dan.kiev.ua/blog/2016/10/01/tekst-kak-instrument-lichnostnogo-rosta/,"Мышление, Пси-ТВ, Сделал"
"Теория жизнестойкости (экзистенциализм)",http://dan.kiev.ua/blog/2010/11/16/teoriya-zhiznestoykosti-ekzistentsializm/,Пси-ТВ
"Теория личностных конструктов, часть 1 — индивидуальность",http://dan.kiev.ua/blog/2010/10/15/teoriya-lichnostnyih-konstruktov-chast-1-individualnost/,"Мышление, Психология"
"Теория личностных конструктов, часть 2 — социальность",http://dan.kiev.ua/blog/2010/10/17/teoriya-lichnostnyih-konstruktov-chast-2-sotsialnost/,"Мышление, Психология"
"Теория личностных конструктов, часть 3 — ТРР",http://dan.kiev.ua/blog/?p=1728,Психология
"Теория личностных черт",http://dan.kiev.ua/blog/2010/10/05/teoriya-lichnostnyih-chert/,Психология
"Теория самоэффективности (по Бандуре)",http://dan.kiev.ua/blog/2010/12/30/teoriya-samoeffektivnosti-po-bandure/,Психология
"Теория социального обучения (Бандуры)",http://dan.kiev.ua/blog/2010/10/18/teoriya-sotsialnogo-obucheniya-banduryi/,Психология
"Теперь и cotalking",http://dan.kiev.ua/blog/2008/04/14/223/,Сделал
"Теперь это мой принцип",http://dan.kiev.ua/blog/2007/10/14/teper-eto-moj-princip/,Мышление
"Терапия без терапии (Роджерс)",http://dan.kiev.ua/blog/2010/10/12/terapiya-bez-terapii-rodzhers/,Психология
"Типирование, типология и прочее суеверие",http://dan.kiev.ua/blog/2008/05/05/tipirovanie-tipologiya-i-prochee-sueverie/,Мышление
"Типы мышления",http://dan.kiev.ua/blog/2015/02/23/tipy-myshleniya/,Мышление
"То, над чем стоит",http://dan.kiev.ua/blog/2007/11/22/to-nad-chem-stoit/,Мышление
"Только для с ума сшедших (книга Степной волк, Гессе)",http://dan.kiev.ua/blog/2007/10/16/tolko-dlya-s-uma-sshedshix-kniga-stepnoj-volk-gesse/,"Мой дневник"
"Точки принятия решения в планировании",http://dan.kiev.ua/blog/2011/02/03/tochki-prinyatiya-resheniya-v-planirovanii/,Мышление
"Транскрипт Мастерство коммуникации",http://dan.kiev.ua/blog/2007/12/06/transkript-masterstvo-kommunikacii/,Психология
"Транспорт, время и работа",http://dan.kiev.ua/blog/2008/04/01/transport-vremya-i-rabota/,"Мой дневник"
"Тренинги личностного роста",http://dan.kiev.ua/blog/2010/10/25/treningi-lichnostnogo-rosta/,Психология
"Ты и только ты в ответе за свою задницу   (фильм .45)",http://dan.kiev.ua/blog/2007/08/18/ty-i-tolko-ty-v-otvete-za-svoyu-zadnicu-film-45/,Кино
"У кого длинееееее",http://dan.kiev.ua/blog/2008/10/14/malenkij-postik/,"Мой дневник"
"У меня праздник (выход моего сборника рассказов!)",http://dan.kiev.ua/blog/2008/02/28/u-menya-prazdnik/,"Сделал, Творчество"
"Убиваем убийц времени",http://dan.kiev.ua/blog/2007/10/30/ubivaem-ubijc-vremeni/,"Компьютерное, Психология"
"Удивительная правда о мотивации",http://dan.kiev.ua/blog/2011/01/11/udivitelnaya-pravda-o-motivatsii/,Пси-ТВ
"Ужастик на ночь",http://dan.kiev.ua/blog/2008/12/24/uzhastik-na-noch/,Психология
Уже,http://dan.kiev.ua/blog/2012/07/25/uzhe/,"Мышление, Творчество"
"Умеем не только читать",http://dan.kiev.ua/blog/2008/02/03/umeem-ne-tolko-chitat/,"Мой дневник"
"Управление эмоциями",http://dan.kiev.ua/blog/2010/11/26/upravlenie-emotsiyami/,Психология
Урбанистика,http://dan.kiev.ua/blog/urbanistika/,
"Уровни сложности импровизации",http://dan.kiev.ua/blog/?p=2762,Творчество
"Уровни сознания (Хокинс)",http://dan.kiev.ua/blog/?p=4387,Мышление
"Участие в прикладной поэтике города",http://dan.kiev.ua/blog/2017/05/23/uchastie-v-prikladnoj-poetike-goroda/,"Мой дневник, Творчество"
"Учебник по теории систем",http://dan.kiev.ua/blog/2007/12/03/uchebnik-po-teorii-sistem/,Мышление
"Учимся выступать публично (видео)",http://dan.kiev.ua/blog/2007/08/30/uchimsya-vystupat-publichno-video/,Психология
"Факторы удачи по Ричарду Вайзману",http://dan.kiev.ua/blog/2015/07/22/faktory-udachi-po-richardu-vajzmanu/,"Мышление, Психология"
"Фестивали в Украине",http://dan.kiev.ua/blog/2017/04/03/festivali-v-ukraine/,Творчество
"Физика или уже философия",http://dan.kiev.ua/blog/2007/08/10/fizika-ili-uzhe-filosofiya/,Мышление
"Финал В поисках потока",http://dan.kiev.ua/blog/2008/03/20/final-v-poiskax-potoka/,Психология
"Финал Тайм-драйва",http://dan.kiev.ua/blog/2008/01/31/final-tajm-drajva/,"Мышление, Психология"
"Формирование Критика/Гремлена стз нейронауки",http://dan.kiev.ua/blog/2011/02/08/formirovanie-kritika-gremlena-stz-neyronauki/,"Мышление, Пси-ТВ"
"Фотки с открытия «Вулык»а",http://dan.kiev.ua/blog/2008/03/31/fotki-s-otkrytiya-vulyka/,"Мой дневник"
"Фото. Людишки",http://dan.kiev.ua/blog/2008/05/17/foto-lyudishki/,Творчество
"Фотография в современном искусстве",http://dan.kiev.ua/blog/2014/04/01/fotografiya-v-sovremennom-iskusstve/,Творчество
"Фотоклуб. Рассветы–закаты",http://dan.kiev.ua/blog/2008/04/13/fotoklub-rassvety-zakaty/,Творчество
"Фотоклуб. Сюжет",http://dan.kiev.ua/blog/2008/03/15/fotoklub-syuzhet/,Творчество
"Фотоклуб. ЧБ",http://dan.kiev.ua/blog/2008/03/22/fotoklub-chb/,Творчество
"Фрейд в помощь",http://dan.kiev.ua/blog/2010/08/21/freyd-v-pomoshh/,Психология
Хм,http://dan.kiev.ua/blog/2008/05/25/hmmm/,Психология
"Хочешь чтобы было сделано хорошо",http://dan.kiev.ua/blog/2008/05/17/xochesh-chtoby-bylo-sdelano-xorosho/,Психология
"Хочу macOS. Заметка вторая",http://dan.kiev.ua/blog/2008/04/04/xochu-macos-zametka-vtoraya/,"Компьютерное, Мой дневник"
"Хочу macOS. Заметка первая",http://dan.kiev.ua/blog/2008/01/01/xochu-macos-zametka-pervaya/,Компьютерное
"Хочу macOS. Заметка третья",http://dan.kiev.ua/blog/2008/04/05/xochu-macos-zametka-tretya/,Компьютерное
"Хочу секса",http://dan.kiev.ua/blog/2014/07/03/hochu-seksa/,"Мышление, Психология"
"Хочу это",http://dan.kiev.ua/blog/2008/08/01/hochu-eto/,"Мой дневник"
"Цели в коучинге",http://dan.kiev.ua/blog/2011/02/08/tseli-v-kouchinge/,Мышление
"Цикл обучения: пути создания путей",http://dan.kiev.ua/blog/2011/02/05/tsikl-obucheniya-puti-sozdaniya-putey/,"Мышление, Психология"
"Циклы научения",http://dan.kiev.ua/blog/2010/10/19/tsiklyi-naucheniya/,Мышление
"Цитаты, полезные. Очень…",http://dan.kiev.ua/blog/2007/10/14/citaty-poleznye-ochen/,Мышление
"Чем занимаются практические психологи?",http://dan.kiev.ua/blog/2010/01/19/chem-zanimayutsya-prakticheskie-psihologi/,Психология
"ЧёрноКвадратовская студия. Всё ещё первая неделя",http://dan.kiev.ua/blog/2009/02/10/chyornokvadratovskaya-studiya-vsyo-eshhyo-pervaya-nedelya/,Творчество
"ЧёрноКвадратовская студия. Дальше",http://dan.kiev.ua/blog/2009/04/05/chyornokvadratovskaya-studiya-dalshe/,Творчество
"ЧёрноКвадратовская студия. Начало",http://dan.kiev.ua/blog/2009/02/04/chyornokvadratovskaya-studiya-nachalo/,Творчество
"ЧёрноКвадратовская студия. Неделя два",http://dan.kiev.ua/blog/2009/02/16/chyornokvadratovskaya-studiya-nedelya-dva/,Творчество
"ЧёрноКвадратовская студия. Неделя последняя",http://dan.kiev.ua/blog/2009/03/17/chyornokvadratovskaya-studiya-nedelya-poslednyaya/,Творчество
"ЧёрноКвадратовская студия. Неделя пять",http://dan.kiev.ua/blog/2009/03/10/chyornokvadratovskaya-studiya-nedelya-pyat/,Творчество
"ЧёрноКвадратовская студия. Неделя три",http://dan.kiev.ua/blog/2009/02/24/chyornokvadratovskaya-studiya-nedelya-tri/,Творчество
"ЧёрноКвадратовская студия. Неделя четыре",http://dan.kiev.ua/blog/2009/03/03/chyornokvadratovskaya-studiya-nedelya-chetyre/,Творчество
"ЧёрноКвадратовская студия. Первая неделя",http://dan.kiev.ua/blog/2009/02/06/chyornokvadratovskaya-studiya-pervaya-nedelya/,Творчество
"Четвёртый лишний",http://dan.kiev.ua/blog/2008/03/08/chetvyortyj-lishnij/,Психология
"Четыре первичных мотива (по МакКлелланду)",http://dan.kiev.ua/blog/2010/11/14/chetyire-pervichnyih-motiva-po-makklellandu/,Психология
"Четыре типа игроков",http://dan.kiev.ua/blog/2014/03/06/chetyire-tipa-igrokov/,"Мышление, Творчество"
"Читаю БеЗполезный сайт",http://dan.kiev.ua/blog/2007/12/31/chitayu-bezpoleznyj-sajt/,"Мой дневник"
"Что видишь ты в мониторе своем",http://dan.kiev.ua/blog/2008/01/29/chto-vidish-ty-v-monitore-svoem/,Компьютерное
"Что мы знаем о полиамурности",http://dan.kiev.ua/blog/2014/06/06/chto-myi-znaem-o-poliamurnosti/,"Мышление, Психология"
"Что такое Mindmap?",http://dan.kiev.ua/blog/2009/02/05/chto-takoe-mindmap/,Психология
"Что такое MindMap? (видео)",http://dan.kiev.ua/blog/2009/02/05/chto-takoe-mindmap-video/,Психология
"Что такое АртХаус в кино",http://dan.kiev.ua/blog/2014/05/06/chto-takoe-arthaus-v-kino/,Творчество
"Что такое личность (по Адлеру)",http://dan.kiev.ua/blog/2010/10/03/chto-takoe-lichnost-po-adleru/,Психология
"Что такое личность (по Вернеру)",http://dan.kiev.ua/blog/2010/10/29/chto-takoe-lichnost-po-verneru/,Психология
"Что такое личность (по Мак-Клелланду)",http://dan.kiev.ua/blog/2010/11/15/chto-takoe-lichnost-po-mak-klellandu/,Психология
"Что такое личность (по Маслоу)",http://dan.kiev.ua/blog/2010/10/08/chto-takoe-lichnost-po-maslou/,Психология
"Что такое личность (по Роджерсу)",http://dan.kiev.ua/blog/2010/10/13/chto-takoe-lichnost-po-rodzhersu/,Психология
"Что такое личность (по Фрейду)",http://dan.kiev.ua/blog/2010/09/30/chto-takoe-lichnost-po-freydu/,Психология
"Что такое личность (по Юнгу)",http://dan.kiev.ua/blog/2010/10/21/chto-takoe-lichnost-po-yungu/,Психология
"Что такое любовь сейчас",http://dan.kiev.ua/blog/2017/06/22/chto-takoe-lyubov-sejchas/,"Мышление, Пси-ТВ, Психология"
"Что такое НЛП",http://dan.kiev.ua/blog/2008/02/23/chto-takoe-nlp/,Психология
"Что такое НЛП. Сторона вторая",http://dan.kiev.ua/blog/2008/08/05/chto-takoe-nlp-storona-vtoraya/,Психология
"Что такое НЛП. Третий подход",http://dan.kiev.ua/blog/2008/08/15/chto-takoe-nlp-tretiy-podhod/,Психология
"Что читать дальше?",http://dan.kiev.ua/blog/2008/04/29/chto-chitat-dalshe/,Компьютерное
"Чувствуя деталь (книги Трилогия Крысы, Мураками)",http://dan.kiev.ua/blog/2007/09/22/chuvstvuya-detal-knigi-trilogiya-krysy-murakami/,"Мой дневник"
"ШГС. Отчет 1",http://dan.kiev.ua/blog/2008/03/03/shgs-otchet-1/,Психология
"ШГС. Отчет 2",http://dan.kiev.ua/blog/2008/03/11/shgs-otchet-2/,Психология
"ШГС. Отчет 3",http://dan.kiev.ua/blog/2008/03/17/shgs-otchet-3/,Психология
"ШГС. Отчет 4",http://dan.kiev.ua/blog/2008/03/24/shgs-otchet-4/,Психология
"ШГС. Отчет 5",http://dan.kiev.ua/blog/2008/03/31/shgs-otchet-5/,Психология
"ШГС. Отчет 6",http://dan.kiev.ua/blog/2008/04/07/shgs-otchet-6/,Психология
"ШГС. Отчет 7",http://dan.kiev.ua/blog/2008/04/13/shgs-otchet-7/,Психология
"ШГС. Финальные итоги",http://dan.kiev.ua/blog/2008/06/11/shgs-finalnye-itogi/,Психология
"Шокирующая правда о вашем здоровье",http://dan.kiev.ua/blog/2015/06/27/shokiruyushhaya-pravda-o-vashem-zdorove/,Пси-ТВ
"Эволюция общества",http://dan.kiev.ua/blog/2008/02/19/evolyuciya-obshhestva/,Психология
"Экономика с точки зрения психологии",http://dan.kiev.ua/blog/2010/11/10/ekonomika-s-tochki-zreniya-psihologii/,Психология
"Эксперементы Уолтера Мишела",http://dan.kiev.ua/blog/2010/11/17/eksperementyi-uoltera-mishela/,Психология
"Электронная нервная система",http://dan.kiev.ua/blog/2008/05/09/elektronnaya-nervnaya-sistema/,"Мой дневник"
"Это не про то?",http://dan.kiev.ua/blog/2008/12/30/eto-ne-pro-to/,Психология
"Это сейчас модно: коучинг",http://dan.kiev.ua/blog/2008/09/25/eto-seychas-modno-kouching/,Компьютерное
"Эффекты (психология)",http://dan.kiev.ua/blog/2006/11/26/effekty-psixologiya/,"Мышление, Психология"
"Юзабиливаем Win",http://dan.kiev.ua/blog/2008/01/28/yuzabilivaem-win/,Компьютерное
"Я в blograte.ru",http://dan.kiev.ua/blog/2008/01/25/ya-v-blograteru/,"Мой дневник, Сделал"
"Я могу! (достижения по Бандуре)",http://dan.kiev.ua/blog/2010/10/18/ya-mogu-dostizheniya-po-bandure/,Психология
"Я на LiveLib.ru",http://dan.kiev.ua/blog/2008/01/09/ya-na-livelibru/,Компьютерное
"Я на БлогКэмпе 2008",http://dan.kiev.ua/blog/2008/09/26/ya-na-blogkempe-2008/,Компьютерное
"Я нашел свой фильм",http://dan.kiev.ua/blog/2008/01/05/ya-nashel-svoj-film/,Кино
"Я теперь и в TooDoo",http://dan.kiev.ua/blog/2007/12/31/ya-teper-i-v-toodoo/,Компьютерное
"Я-схемы (Эллиот и Лассен)",http://dan.kiev.ua/blog/2010/11/18/ya-shemyi-elliot-i-lassen/,"Мышление, Психология"
Яблоко,http://dan.kiev.ua/blog/2007/12/24/yabloko/,Творчество
"Японская Япония (книга Ветка сакуры, Овчинников)",http://dan.kiev.ua/blog/2008/04/24/yaponskaya-yaponiya-kniga-vetka-sakury-ovchinnikov/,"Мой дневник"
⌂,http://dan.kiev.ua/blog/?page_id=5480,
"♨ Карта фалафеля",http://dan.kiev.ua/blog/?page_id=5663,
"✎ Статьи",http://dan.kiev.ua/blog/?page_id=500,
